App,Minutes
Kurzbefehle,38.0
Shortcuts,0.6666666666666666
Wetter,0.3333333333333333
Youtube,44.916666666666664
