App,Minutes
Uhr,0.16666666666666666
Youtube,73.96666666666667
