App,Minutes
GoodNotes,118.5
Kurzbefehle,9.0
Neuland next,0.5
Prime video,95.06666666666666
Safari,106.5
Shortcuts,0.6666666666666666
Youtube,82.06666666666666
